,Factor 1,Factor 2
0,-0.1923922692509915,1.458897176037551
1,-1.7727606686194566,0.5711988890644127
2,-0.8997758430038504,-1.0356716422337655
3,-1.015831079992909,0.11737891072423016
4,1.389962974324574,0.7977284769175759
5,0.49511101765424975,-0.30846658232643004
6,-1.8216098574668755,0.9042950303129069
7,0.5258075086574338,0.49106873379523697
8,0.32294383914932867,-0.08495310090293268
9,-1.1514090841494664,-2.8586063289358847
10,-1.7982251729318115,0.43174882238280615
11,1.4200448194076898,0.5900668487931707
12,0.5739975988673999,1.8351614973268364
13,0.5830296624832426,-0.5304369776285792
14,0.3343586660319051,0.3996581566497982
15,-0.4317921982973411,0.7589452136905368
16,-0.6030688383179983,-1.3882013407155327
17,1.1959206436348617,0.6865505371553812
18,-0.36798207231196506,-0.030544046497764245
19,-0.6526178565107251,0.8414378461024584
20,-1.486844774284146,0.28528823427301325
21,-0.6500740702902538,1.3666972184978896
22,-0.19330155417765246,0.9931083444657123
23,-0.755566037468137,0.5564775690874237
24,-1.2900572267862005,0.3664400377722464
25,0.4268272726927344,-1.1265431032567532
26,1.3836297974156038,1.7877928575371296
27,-2.0134169778835607,-2.6084710807083304
28,0.38912607396029025,0.756230898045993
29,-0.564310397728367,-1.9664983301932533
30,0.8695919597467445,-0.21042351305450824
31,-0.10809277081975534,0.7212918773276491
32,0.7892510602751996,0.22964234118590685
33,-0.5897246288194204,1.15605174613913
34,-0.8459138847159308,1.1705943086525774
35,0.03399797328021468,0.9871355746684092
36,0.5061233812764923,-0.4280796539679188
37,0.5156978907346066,0.698226192572578
38,1.4243111678751001,-0.9302841605152573
39,1.3248436256902576,0.5959992141486135
40,-0.42823123727381174,0.21452087194597722
41,-0.5465084663389576,1.640333983716814
42,-0.47157889559668026,1.4064317442893484
43,-0.8383923106972763,0.5625584530023241
44,-1.6842735684319519,0.6901129172178484
45,-0.45212990333663056,0.10265840242001956
46,0.8478946020629292,1.5971969989373391
47,0.6873505670014477,-1.4889914673095053
48,-1.007776339566058,0.26358172212517034
49,-1.6256986427597775,0.41423282372605086
50,-2.075187176598351,0.5624013398125969
51,-1.7114126284522746,0.8793174263363523
52,-1.1661312737078215,0.7166727357520827
53,-0.2585240097308422,-0.47605537391005437
54,0.06039353556135853,0.9794897272794633
55,-1.265047047726218,0.794136333444437
56,0.8592701831577282,-0.9370435749950979
57,-0.7923656585128694,0.16725434948289344
58,-0.07177227000195935,-0.490730513102801
59,0.5851738144496845,-1.2459355115549373
60,0.5862102110613164,-1.2361639161205664
61,0.7185527981164458,1.8474217264033235
62,-1.6920150119448734,0.5842849253610181
63,-0.2996989683384453,1.337534073606461
64,-1.5111115926896543,-0.11798137962537915
65,1.1952437691004323,-0.2270680107861312
66,1.1529818334524782,-0.9816675582000031
67,-0.40274298931260927,0.6856376616635449
68,-1.0654265253329944,0.35794265195452557
69,0.4635165934032273,-0.9183723346971435
70,1.3792468221562677,-0.6360495073055373
71,0.5669647149025925,0.9502121691869745
72,1.4688542318792215,0.5598249446146362
73,0.2581508817923903,-0.17548966460282311
74,-1.5390970643751007,-0.15813226759379428
75,-1.0331012399562582,0.7499888913541083
76,0.0014590916113427297,1.2984863549313208
77,0.9891129258831323,-0.6623767587959064
78,-0.739310650477685,-1.2283338066576273
79,1.1623388860893984,-0.30242072414538296
80,-1.626039141372287,0.17620892157415902
81,0.9418881332084564,1.222452911142478
82,0.8821812390998753,-1.1941117085246276
83,0.34215832979060706,1.9187597883572582
84,-2.023212601230652,-1.2945836429231565
85,0.29404999216126115,-0.9531064425680692
86,0.7088761042704219,-0.03447575992587504
87,0.5522679856685457,0.737914384015833
88,1.9925238371270833,1.2335789311950434
89,-1.584497578787304,0.9463231579680912
90,-1.884363320948076,-0.3704594839009387
91,1.228400936813913,-0.2528545438621742
92,-2.0881967399208534,-0.20435787608085865
93,1.2223871750582531,0.8155664207245061
94,0.4498616402004134,-0.2299775383617952
95,-0.0691164786328439,-0.2990047312118072
96,0.9490711186872497,-0.4424030095280227
97,0.88662766890036,-1.190994793886364
98,1.10024659393894,-0.09215523346804423
99,0.342443604566429,-0.8364903241934295
100,0.521706492340308,-0.6557501946696267
101,-0.6946142613668967,1.3064131012132283
102,0.5339876781243375,-1.3625526802002728
103,-1.3410791674410258,-0.05719368909714979
104,0.04314074259818662,-0.05258502839296791
105,-1.2884278467830501,0.24989017729576316
106,1.0056184952233198,-1.7819365284529283
107,0.25729400626537235,0.12174380436791857
108,-0.03535530641124718,0.7387259922298403
109,-0.3834274184520301,-1.757055174314855
110,0.27413948630298557,1.1503471133544094
111,0.0034366063686946625,-1.0617973164563828
112,0.4049390545069245,-0.8994145609404078
113,-1.583703884028923,0.1520856137399372
114,0.2756652653848064,-0.5975953665503732
115,0.47707550389591274,-0.905450762143192
116,-0.16744113392587284,0.9378074212629071
117,1.5803979319884545,2.3424003903155532
118,-0.34431076893754475,0.9378992922774022
119,1.084079950306747,1.0264485858199603
120,-1.202275141538858,0.24600665209034314
121,0.4566987607790168,-1.2501643537559206
122,-1.3205806830638223,0.06388035453869963
123,-0.1710623862525194,-0.7125043459793171
124,-0.07084084129696933,0.19553712698229062
125,0.6248540197718631,-0.16746665053592782
126,-0.5831970729345103,0.239296809704212
127,1.08568762377275,0.131029210100699
128,-0.003675833329113989,1.1419184202681074
129,-1.1274316860241336,-0.7920836808668251
130,-0.7028114817833655,-0.19577770949615464
131,-0.35117432645971647,0.8461946261862732
132,1.5925456002548677,1.8816489001768268
133,-0.2206609533050796,-0.543114738284372
134,1.6347713027282602,-0.443984830597023
135,0.6104400927783964,-1.534092602052531
136,-0.3789749568673037,0.49649694578038456
137,-0.4227067772668914,0.3295176800806159
138,-1.4766151726311063,0.4378768696005534
139,0.5690522181516696,-0.6559054040292223
140,-0.08566775909183975,0.47935892245695283
141,-0.10383609927457578,0.14000744746563454
142,0.6521106001706248,-0.36372312797700573
143,-0.6207553780839689,-0.020775353837739673
144,-0.9723919238984648,0.5056837135659497
145,0.791455361643932,-0.07915124715597324
146,0.7146335568246558,2.014823663479724
147,1.0135500512935556,-1.2317795394315394
148,0.6552587928630308,0.4994808072481078
149,0.6392705389913513,-0.28435890437320127
150,0.08418023664708667,-0.22235106162274867
151,-0.5984956399333607,0.2739870349392057
152,0.5245617456048969,-0.7826414154095369
153,-1.1228697667372278,-0.09139902467135273
154,0.8319551476216959,-1.2571767324699246
155,-0.6744161180588105,1.1643107102173367
156,0.43083437575554323,-1.3009246692249212
157,0.07723069478781618,0.6311676009623971
158,1.2917614297282933,-0.8001407431055834
159,0.15927527919841597,-0.8715594252960306
160,-0.1576263996304947,-0.22246462289374455
161,0.0047619095391137865,1.1762041565336865
162,0.8270709268786236,0.08872627131535929
163,-0.03446224396163506,0.9938463605455239
164,-0.8530561675181133,0.8625688943276514
165,-0.15603100898144703,-0.28340822548460154
166,0.07985363818179254,0.49665983750748083
167,-1.1116032982068549,0.27112841188923403
168,-1.0686685970026863,0.10703088237618773
169,-0.9847232410080464,0.6335500154373699
170,-1.403229654016032,0.21961570382891973
171,0.15240973392790405,1.0656534449750805
172,0.21452471179573246,-1.2756477482234236
173,1.063485025273545,1.336370891403817
174,1.2980304057830907,0.059597268958933795
175,-1.7591278752706654,0.37432009899096746
176,0.7973864326343814,0.07403328399603312
177,0.013793244320488845,0.4213876696219668
178,0.3020975405782036,-0.5751389538404303
179,0.024550677235574424,0.2319212927774562
180,0.8876250454963165,0.17282587591843948
181,0.5542412775960851,0.6883471758864305
182,-1.0361759709124114,0.7478205936123359
183,-0.5806938215607469,-0.470847166266128
184,-1.4827559950169624,0.7662193564841685
185,1.9738831024839483,0.927885257302065
186,-0.06602717258924834,-0.6885164852694763
187,0.1543617630949437,1.0644801990159454
188,-1.4021222940289981,0.21294149706690738
189,1.1873686764233315,-1.0644193928931418
190,0.0027588884144550004,0.46120833331354144
191,-0.4590635314414616,-1.3834227056606703
192,0.727278998385802,-0.7098315475586413
193,0.6383608141118333,0.6577764523392521
194,-1.7811538146710726,0.2976840244206589
195,1.8070074521339634,-0.4596705045853894
196,-0.2205694362199807,0.3915053363771424
197,-1.53133906085378,0.5736297148813607
198,0.5437526960543446,-0.15263139375792187
199,-0.4094768329860414,0.7956049832107646
200,-0.2898275384799857,0.6995188064498915
201,0.37372148807362976,-1.5823648351233288
202,-1.220690976076392,0.5870003057230415
203,-0.6443376794093114,-0.21329445546762066
204,0.14454865773150063,-1.935218089457894
205,-0.20674341988141967,1.2288401984506157
206,1.6249919380089852,0.3920056069353275
207,-0.7603150750722476,-0.38463434251940487
208,0.8452831709817356,-1.0562236390902444
209,-0.4019591749161057,-0.8606427828472859
210,0.9559795446874645,-1.097105447464788
211,0.5140320108171542,0.09885878844772324
212,0.7403828920559564,-1.4356651018555509
213,-0.6577635796378744,-0.5991241168193078
214,1.1265406844700316,0.5645172913899635
215,0.17297363814732808,-2.2378070076563663
216,1.2979161817089793,-0.025053052968384074
217,-0.40418025960419046,0.3384246694802258
218,-1.8260732680305487,0.39083772004229106
219,-0.06571206493080393,-1.8458152782383601
220,-0.11563765930707937,-1.345890600938837
221,1.4148283667793882,0.3174964060764899
222,-2.061206259871685,0.44417041167662097
223,1.037435190820441,-1.3403429244359144
224,-0.2094999004914519,0.22331462190780862
225,1.8147323216540614,0.5453851152809605
226,-0.48668662312700084,0.9035261584070257
227,1.6590904158179935,2.583545102650485
228,1.1599361908857322,1.1487088801926444
229,0.5632939213447551,1.6825443019755806
230,0.3954239759136141,0.2954326618944938
231,-2.1283248419765006,-0.9019625324044395
232,0.9670291874534787,0.7472406327375867
233,-0.8025267595893445,0.509596053609685
234,-1.332524361204957,-0.03313560822067405
235,1.1427229936143064,-0.848330458775687
236,-1.5480718634285144,0.6760516735339558
237,-0.07628542300927782,-0.9566730957631433
238,0.16555845976013162,-0.9810471923470977
239,-0.3560603307650238,0.5777142121999921
240,-0.4281709294372609,-0.5353653415059416
241,1.2754825893933768,0.4772055772292497
242,-0.08975022143689658,0.5798550302466378
243,0.7286202625046273,-0.2677184414827714
244,0.7480410660919632,0.5082718114757112
245,-1.836717078512588,0.3408101677211211
246,0.8476140823724332,-0.9256114089446147
247,-0.837355564023305,0.20389689238214
248,0.11953577614286354,-2.1270301527703084
249,-0.060808364534256136,-0.022241067279228224
250,1.3556447993381167,-1.487551739194128
251,-0.6188441235908919,1.5112046371750252
252,-0.8621918758565172,0.420750684867777
253,0.9800068396770643,-1.0843387759243002
254,0.5930659606410479,-1.1888119134980306
255,-0.07893068794508216,1.5564515895390876
256,0.987758727860198,-1.0989853456462997
257,0.443373160386195,0.5442831926263736
258,-0.3312842894355079,1.2152608874005253
259,0.8675487503164252,-0.6872116021140287
260,0.7669893762517668,0.119799936943631
261,-1.3224332542328074,-0.26740259872750116
262,-0.9145278529001127,-0.08719204159264385
263,-1.0909460557878683,1.280807191705308
264,-0.023844683809556646,-0.36003807743997346
265,-0.8101517655915242,0.8648988508948355
266,0.41173309443407335,-0.5515064536943973
267,-1.5160245403619221,0.03724983817809055
268,0.45460140547741984,-1.1709704521770161
269,1.328350116582782,0.6019584768305659
270,-1.1230456691722994,-0.040253607678644374
271,0.5520838714363396,-0.2247515099191299
272,-0.7708573333018204,0.23095924788761685
273,0.8987482115769225,-0.7309513591964519
274,0.21983068118403623,0.24457720030250485
275,-0.46260605542824695,-1.364554218643262
276,0.22483463181264474,1.7010042763920978
277,0.7434318367903638,1.7969580880326774
278,1.6039505813406798,0.7057471934523758
279,-0.30885686183566174,0.10203770395338163
280,-0.6818260794186098,-0.48181191177436716
281,0.25025683408055216,-1.050575127101323
282,-0.21412920153718787,-0.6473081178749069
283,-0.5651586973863915,0.4233117013821736
284,-1.7420057663199022,0.6875219471929133
285,-1.8831655795272386,0.7399841344082568
286,-0.9939954263479363,0.7477363777908319
287,0.5851719420968108,0.7791871515884095
288,0.2982021496444485,-1.3605677903816498
289,-2.1601064470638582,-0.2939119471949253
290,1.0813375832815,0.4188488252540915
291,1.389375590575401,-0.9319672055791102
292,1.469098499872409,-0.1917498249696322
293,-0.7056164123793051,0.9748820501359242
294,0.016959231763271927,-0.6349696459060372
295,0.7089771537733136,-1.1934600336845993
296,-1.6208256717839038,0.4537781149185263
297,1.007336410473422,-0.005500086450291834
298,1.4430501900389172,-1.0857540792830291
299,0.2452432247489376,0.6437980088721096
300,0.6600195050475248,-1.4165048843977184
301,0.7681296986025916,-1.22457331877237
302,-0.5423818893065727,0.025959273747870572
303,1.6234318262937164,1.2859830404867618
304,-0.5846343247689545,1.3482284366025041
305,1.6030829292691557,0.7179325416528259
306,-0.7790999545241655,0.4448617339655203
307,0.34260354318906056,0.3244414190097064
308,-1.7142758032928325,0.3564575569898313
309,0.018725900207621972,0.24822277273467774
310,-0.7802873869210118,-0.0491670334098606
311,-0.19814747738024516,0.5888781841339491
312,0.4959739073144018,-0.10162600461808284
313,0.8512241118386892,-1.6178002970276932
314,0.9016918175692218,-0.18262536348263417
315,1.6664982378967474,-0.05909060479511229
316,-0.4327580299785135,0.28100048990734705
317,-0.23957198993986686,0.7974778085630684
318,-0.3846762636414015,0.004538223911153488
319,1.0404754166320482,0.06356681824144221
320,-0.9327078181778004,0.19899525237628507
321,0.41507268759362403,-0.44638691015572435
322,0.06898140270525403,-1.5161035075253424
323,0.5030850460300411,0.7262670025167586
324,-0.7616452775310792,0.8829789400297209
325,-0.4957975227003472,0.7553761934661164
326,-0.6575281394527728,-1.5719660797990604
327,0.7221037417006106,0.82041392106935
328,1.4187493212177158,-1.7060792441601667
329,-1.925014134281586,0.8795482711854179
330,-1.7006226012816934,-0.08952037605281692
331,1.5527946772986199,0.2873258515891762
332,0.2686863162778674,1.0032154036473093
333,-0.19624660917129147,0.27852644045601643
334,0.8187153351850992,-0.1361330196149829
335,1.0442290970149946,-0.6669028402760787
336,0.32344681003002235,0.810808180212751
337,-2.1200269150274877,-0.036773284696282604
338,0.866870831883234,-0.09154785383579334
339,-0.22605089955841617,1.5295913939588686
340,-0.2369884443648109,1.4539913001182792
341,0.7761504276856022,-0.28067070111415143
342,1.1512571445810647,-0.8288220413607165
343,-0.6017481497354663,-1.2536648795437462
344,0.685377443692994,1.5010807856090242
345,0.055189449360285546,-1.060973575436858
346,1.2169528453682812,-0.6689015095588801
347,0.12052511321132495,-0.11931787010725162
348,0.21044158429695867,-0.08902638908661953
349,1.1338007271934403,1.6515275105000395
350,0.28722607297515185,-0.04443706949797422
351,0.4405395103841694,-0.5105940844479401
352,0.24060995639927024,-0.8555117030559667
353,0.43009278212305546,-0.03781227746800637
354,1.1014805875623535,-1.3470296306341552
355,0.1606526418289195,1.35390102101317
356,0.49757890207997985,-0.9287866539079812
357,1.5652842097869202,-0.27265312926604773
358,-1.860598755617804,0.6805905380054493
359,0.15174648538391583,-0.5261402551062332
360,-0.7239621390060694,0.06605103809059602
361,0.009283659000421355,-0.32938519060666954
362,-0.03596544507203506,-0.4320966683145285
363,-1.9895193864234653,0.5945163996221571
364,0.46672155599495385,-0.5821520920137128
365,0.38135812682178694,-0.19501153612700764
366,0.058759020720510556,-1.1946047321853839
367,0.5471018575100569,0.21603183012399002
368,0.43028471361965387,-0.92390636421458
369,-0.7191286322741683,0.9403821191335175
370,-0.10143175167808652,1.0476271511162913
371,0.8556100457728909,0.7172088150689583
372,-0.07409840958213905,1.5319629272301383
373,0.18511675699635005,1.1045119890455866
374,0.24885513077801089,-0.15035290260688194
375,0.676968822275127,0.5172494582767108
376,0.6908914127073476,-0.31635932941903794
377,0.009650914905729247,-0.709478708333795
378,-1.6446098318266524,0.02532647206009462
379,0.6178854318016725,-0.7934039610985413
380,0.19073051487453155,1.204769678542905
381,0.23569699129911936,1.2118506989810771
382,-1.5250726912223722,0.022039777202768986
383,1.0438791173481032,-0.11131356459012803
384,1.0083600299360254,-1.336357731669305
385,1.5652989544756877,0.2326562233804606
386,-2.1809332647384316,0.24200198854229987
387,0.5263199031615693,1.6776753087415854
388,-0.6553249765032441,-1.7680558466297183
389,-0.3223057660726913,1.4257645150970435
390,1.6922025819863318,0.9030270221128498
391,0.6797719299450296,-0.46425924041188893
392,-1.1122789829378217,0.7843107978549358
393,0.993363365740092,0.5671249271449456
394,-0.8047166857815743,0.4239584057592312
395,1.138962895299377,-0.6986243425004475
396,-0.10345347966874381,-0.24216632088605483
397,0.35940059128974944,-1.7311249319321964
398,-1.6017046507774513,-0.3243159664561589
399,0.030132612640941095,-0.609572946207892
400,-1.9680581479771948,0.19765755401014248
401,-0.02451260593576397,-1.9143371128366555
402,-0.35603739680875685,1.2737314033629514
403,-0.7891210383349572,-1.3615334655543785
404,0.5069564249550569,1.1524156712852718
405,0.5370465151012475,-1.490363409897897
406,0.26177558964545433,-0.20569503874323264
407,-0.17484732755753654,-2.0385145480038247
408,-1.278213407489567,0.048312682792634176
409,-0.5363053660266108,1.143302040777349
410,0.39214381235570295,-2.1796895493761794
411,1.3861553268562237,-0.7480680627939811
412,-2.0688005552875066,0.348491531893223
413,-0.2300321096192168,1.1164629326263598
414,1.5496059277672143,-0.9569939866494079
415,-0.38165983203276876,0.7353422877825786
416,-0.3973910470502288,0.6390550885853759
417,-2.107995024964992,-0.0018664515553650258
418,0.9809582024069904,0.9331464163998504
419,0.568230379984362,-0.010979694501469156
420,0.5247119076766626,0.5467718970168168
421,0.7262225522557106,0.8802382776097152
422,-2.031859544400673,0.49701924315054247
423,-1.4166776581360008,0.3050323344209811
424,-0.7375249632619892,0.5053540563093825
425,-0.5383194066511798,0.7477474161337295
426,-1.1880519850974676,0.13725641221356885
427,1.3204056763392602,-1.407434430828957
428,1.2267319377237849,-0.06592481298222068
429,-0.7564710919343532,-0.04024649499319779
430,0.8879820537662128,1.6689808601016818
431,0.5137770864619866,-1.417316936769195
432,0.7706372247159144,-0.17434334206693067
433,0.5318878014085723,0.31735014480754026
434,0.5800727117599299,-1.897897284201534
435,-0.9575213874158448,0.34540989545827705
436,-1.0345609577370667,0.6683952055866095
437,1.0827607765437428,0.22798209642541575
438,-0.5538051041026986,0.5071996071573046
439,1.4579528861684794,1.8828544207143143
440,0.9653010053205286,-0.1715288439720954
441,0.5663706612820268,0.6111017534452714
442,0.8860035531971842,-0.8310539413441342
443,-1.150434493015178,-2.1405133596381245
444,0.9328170464281517,1.4577532297260354
445,-1.3545076802654097,0.4096140000937157
446,0.6940307070278009,0.4008719716646785
447,-1.4306923585082252,0.12640092872265232
448,1.155252921079223,0.4589179871602326
449,0.29508454233836745,-0.05203090458136302
450,1.0899228534976395,-0.8735137368717022
451,-0.5284154093165694,-0.2228966826898665
452,0.9964359455906491,-0.6796131303391928
453,1.9312450912603318,0.9037601967650849
454,0.5429583862473031,-1.275729530685479
455,-1.7791558124811704,-0.025729181095755498
456,-1.44361302224807,0.09599508516586859
457,-0.3108564597196945,0.934065308753274
458,-1.6127859126265318,0.5077707353420435
459,-0.007867253764014133,-0.6623857891595033
460,-0.013649102356166565,0.07030418592995372
461,0.87657313975873,-0.2702867705451667
462,-1.2236256747929668,0.20281388843474368
463,0.3583055586824059,0.3654920308510243
464,1.1619094741077016,0.3259777698583719
465,1.7095841386389545,1.5531633613106361
466,-0.4618322560293702,0.12952158114126475
467,0.18477786732049803,0.47263328429791884
468,1.2304603384977781,-1.0170884177112085
469,1.0492504508698686,1.119977616009112
470,-0.16182535020681396,0.963311803261654
471,0.554733680077784,0.5462649983499565
472,1.3558188210129207,-0.7924606118697362
473,-1.3292224349405724,0.290671966984514
474,-0.4901299291541956,0.7376046147788964
475,0.11913241005710276,0.940409077672023
476,-0.6243293021534962,-0.1402007570648465
477,-0.5450782161825142,-0.010035187313848686
478,0.6958461388151241,-1.4690254610843585
479,1.0169245504869404,-0.15006873757930442
480,1.9418219426993202,1.2319878806295084
481,-1.8747182530593487,0.32499150132243326
482,1.1295245015682207,-0.3945394755097727
483,-0.22432844870948326,-0.7981006504612801
484,0.891011688256583,-1.3349408715148794
485,-1.1686060206916722,0.2903122548141661
486,-0.6891636903031346,0.7331120260329943
487,-0.30947164042622277,1.2021060815659894
488,0.6513873266200335,0.0322894867599677
489,1.4702719399229136,-0.8131089083832725
490,0.625385875528344,-0.0442493928868023
491,1.3567341312440753,-1.0335105469939145
492,-1.0330465698122657,0.2736679584440856
493,-0.39254364992409485,0.6786694588583252
494,1.0518607202988242,0.622730024219775
495,0.23286505398860158,-0.2775277563845011
496,-1.480845812048571,-0.2766836266345606
497,-1.5728188986088405,0.5019317262080109
498,0.1810692389725204,-0.4316447246778779
499,-0.549149220261942,0.8729434545926114
500,1.3088272776053853,0.20142185286654712
501,-1.2317448759864449,0.6663554173168335
502,0.13287185913921917,-0.36770810814700794
503,-0.2181043637223294,0.5451897365737911
504,0.24841417862503076,0.9031790624338334
505,-0.629574298007358,0.6594984314328094
506,0.575099199454416,-0.9170742747590624
507,-0.1309296283934561,-0.6988886777396303
508,0.13876351357572642,0.864297706380365
509,-1.5910235505057393,0.7842073727912533
510,0.2399856183281203,-1.3511574239548507
511,-0.1321503173661136,-0.41494229923829673
512,-1.3376545162102604,-0.13836329402547715
513,0.7568298198374895,-0.8939647127342727
514,1.0666919991746757,-0.42544119755908366
515,1.062904565185663,-1.0396123252285323
516,-0.09399645502333412,1.3187406017454923
517,-0.9982018638815862,0.9406215362294528
518,-0.8780378656967767,-0.2718723165287728
519,0.8754446489557788,-0.08754021600050396
520,0.8369832978382331,-1.7410336888975475
521,0.762755842235121,-0.5816206398870201
522,-0.03033746723316646,0.10536467923415271
523,-1.1323501807036136,0.656129756938166
524,0.829538558831957,-1.411961510205956
525,0.08426065382237687,-1.2191943026298788
526,1.108451282686835,-1.216268102428272
527,-0.39605706222336984,0.9961611503217793
528,0.3581304308840984,0.5830792313375885
529,-0.43277566031077896,1.4203546466870034
530,0.21659167461615705,1.0149511569265692
531,0.8449235071825761,0.12392038020832677
532,0.3105072945383695,0.7573208149104084
533,1.1424721193992498,-1.941001888729713
534,0.6449046233485475,-0.9760407078018118
535,-0.16663966150705053,-0.9785882132014682
536,-1.372549999149284,0.6220657625716357
537,0.4353284129237805,-0.32404227264890384
538,0.935721037564808,-0.7301326015088377
539,1.2939938327117455,0.34648313855481966
540,-0.28640246248838575,-0.7725562668891411
541,1.058171754554812,-1.194813201548691
542,0.5617095901884396,-1.1753260283124363
543,0.5787845581838736,0.3802945996536833
544,-1.107711993225097,-0.8610957088596428
545,0.743273725220657,-1.5391912585579246
546,-0.3587214984694371,0.696041589912071
547,0.20496921606672341,-0.20005278512121313
548,0.8379974197250076,-1.0058863810729728
549,-0.09136449602190541,-0.12082275449366693
550,-1.8383368165783482,-0.44976214609485227
551,0.43668784923716053,-0.2941529590313881
552,-0.8755438191903435,0.5259159605807527
553,0.0865710105278631,0.46505976682998046
554,-1.9926774524721802,-3.7506331238002613
555,-0.006940725408601578,-1.0595530020208332
556,1.8718429369687706,0.7832488594173586
557,1.3590557019689835,-1.362514959743447
558,0.9544389831052529,-1.0348360497889009
559,0.9913505965722387,-1.0940718018437612
560,-1.7058767626937799,-0.1797411757433806
561,-0.1945388424977644,0.26113867000133884
562,0.49903876248059126,1.7711548023540846
563,-0.30044694703014085,-0.1739399265705638
564,1.1588001113432997,2.545745254571333
565,-1.6547036513973516,0.4202548234450163
566,0.6687578743548883,0.12752512911152053
567,0.2099151324921981,-0.06435462937493658
568,0.45263786803291206,-1.1550104815565918
569,0.890569044247487,0.11801262505023097
570,0.2355350444620185,0.4126016098009881
571,1.021185861094651,-0.8094829194648245
572,-0.7603713912263185,-1.9583792168018839
573,0.2159880903869804,-0.7454062364660853
574,-0.45788652662285695,0.20184845543006708
575,0.7787531125505809,-1.7453111626419977
576,-0.09035183640957715,1.0415167280077404
577,-0.8901027144234747,0.3697490145701878
578,1.5350790281261844,1.1941901765683285
579,0.4848106768219099,-0.7566729670533437
580,-0.28695070337622874,0.5606342919428794
581,0.9524679816363169,-0.8195517838380768
582,0.10230951278431581,0.6796212018746886
583,0.15319009721215204,0.5107956375251567
584,-1.8144678229772953,-0.06498378659111217
585,-0.7736413056741217,-0.2331761681077441
586,0.1185546025873128,-2.2959891049622243
587,-0.11666654559086895,1.4807561595689587
588,-0.03901694031942144,0.06890897985837194
589,-0.7666088922511799,0.7576206509198405
590,0.15589110489188057,-0.46439868412516655
591,-1.3835011797146273,1.1851964535096644
592,-0.3353365258886393,0.32449929631253455
593,1.0559095982770543,1.587904349818645
594,-1.089898430827642,-0.4130034139178727
595,-1.5353931643209793,0.6234177146793305
596,0.042037810349976876,-1.3145946219873639
597,-0.2585240097308422,-0.47605537391005437
598,-0.8585556773428441,-0.4895874123891956
599,-0.283348486936053,0.7626442393037892
600,0.5306546422489191,0.5088580674264187
601,0.37234754805989784,1.6032697437009802
602,0.686707823852125,-1.2650338091613418
603,0.19160618276277383,-1.1605042211620205
604,0.16417294549459852,-1.2031478843433878
605,-0.22956933770003973,1.282543787851664
606,-0.6065909524511548,-0.2823928947249277
607,-0.5313357416223917,1.4530376534332345
608,-1.44496884622745,1.0239240979517104
609,-1.8718580157223317,0.257305034420854
610,1.087344746613686,-1.296834523116903
611,-0.961490783702094,-1.089785588831975
612,-0.9631140086076937,0.15261155796854778
613,-1.1434242498916278,0.2907568473601909
614,-1.810543462159259,0.780034397445386
615,-0.1466677457503342,0.2527590693586146
616,-1.0023870386927631,0.9005699246410578
617,-1.014025867317901,-1.0894206031282128
618,0.30763845962813224,0.10169283488181995
619,0.005114785824519806,-0.5217276277025509
620,0.5254810934234652,1.07574086880284
621,-0.3522399640554302,-0.6930769589694622
622,0.6410233421577233,0.6349319441263298
623,-0.6994825475429681,0.14714457469643816
624,-0.08759466937902453,-0.7785134304716647
625,-1.5026140072237886,-0.19064321634982395
626,0.3455567640633183,-0.8610307447951954
627,-0.05018997732970118,0.24519690699323912
628,0.6979352215359882,-0.6473266820019948
629,0.8023000840381554,0.6286279423054261
630,1.2002335249388367,-1.2943247383259595
631,1.656329644745652,-0.8688428766562911
632,-0.316600186288493,-1.1170339710555288
633,0.8718421136018545,-1.0609075666738714
634,0.9517635900224606,-0.8032374645963813
635,-1.8606522252355542,0.19631081635766698
636,-0.0042740242983825205,1.1591902421427691
637,-0.867035319774735,0.3112478020304715
638,-0.4269245406727232,0.2079222326050476
639,0.8112182923343931,-0.9157531249998662
640,0.8096179312511859,-0.21128165974032986
641,0.19484370118775116,0.059282434929695975
642,-0.8131136195872876,-0.023660026610005987
643,-0.18338498450355092,0.5564610270027212
644,-2.1735517271295457,-0.4588446273412482
645,0.45711868913396797,0.3711488499049131
646,0.5485842150750612,0.43414715804868076
647,0.5094931193542125,-1.5925539733586211
648,1.7490022109421968,0.06515043092775702
649,-0.32457620598602593,-1.4452250454315134
650,-0.9843305259634401,0.7960839292311415
651,0.684052844678884,0.0740279537217837
652,0.5572869338226354,-2.0614483059641597
653,-0.35045174266879836,-0.3837661539388589
654,0.0577860869999246,0.8349452330736626
655,0.28379875185599573,0.4413963915607463
656,-0.05682495799540471,1.1890076906935327
657,-0.11247886229273103,1.0634335746957155
658,-0.14655002313726556,0.4743118350768086
659,1.0152369261250898,0.5905714297369722
660,0.2929243023433491,-0.8436768738687251
661,-0.23064473608264427,-1.846389486082476
662,-0.24759141646436741,-0.08838999620425683
663,-0.9221150628883839,0.13792491006600008
664,-2.082753990796052,0.23921370478057896
665,0.8293117243096092,0.8545418561259326
666,1.2348083281513795,0.9439465322884091
667,-0.19966910231068247,-1.9761592222606639
668,-1.2318971114632338,-0.09722019861171237
669,-0.2754536333152986,-0.4640001061317392
670,0.12389259086409724,-0.4063871684113282
671,1.2043518189980174,-0.7161154434124268
672,-0.008749217566704414,-0.26922246564196795
673,0.4421346749860383,-0.10653270590236538
674,0.6484155116191138,-0.9224728031969792
675,0.6681709973637355,-1.3348344425103096
676,-1.0512791453834012,0.4546918244984302
677,0.08182362902049022,-0.10334301645181024
678,0.2566888934030452,-0.7079557572386042
679,-2.3419883697382313,-3.8287061406656244
680,-1.2876299137064877,1.0728343973933776
681,0.9587069314565508,0.4752128038197207
682,0.9715271618473049,1.8495731608936499
683,0.047200785417591366,0.8824282673065676
684,-0.904925150933985,0.7633800102591309
685,0.7362694742506602,-0.19439239692054264
686,0.6254346022853192,0.681694380391285
687,-0.5691141016484726,0.651762538884286
688,0.5190405895614857,-1.0778548859663084
689,1.0124356070273826,0.8116420677051952
690,-1.6977716088107069,0.16971275202199776
691,0.3285746743095028,-0.015591155667175146
692,-0.12877900795222452,-0.08296132407451891
693,-0.2890912089846284,0.776528668140209
694,-0.06870468242056064,-1.4370718853680875
695,-1.130149292498674,0.9786573499527895
696,1.8056373468877613,0.7977135460320047
697,-0.4640718758358616,0.705320432647779
698,0.13095262269915972,-0.7742678368258167
699,1.0964942975593204,-0.7152137612702663
700,0.2913611433723951,-1.5809712016843018
701,0.16576600334755637,0.9047924584706186
702,-0.8572353514257594,0.2742115510650006
703,-0.22841052058883216,0.2186002779347712
704,-1.3219867522005389,-0.5674611240463291
705,1.042304242200852,-1.208743853495313
706,-0.14476757186592637,-0.8013182987314619
707,-0.08328751812785984,-1.991284336969001
708,-1.3788245058422794,-0.384897224894028
709,-1.273734494577646,0.5124028494783239
710,0.28936077550737055,1.047333221573346
